<application>
  <component name="ProjectJdkTable">
    <jdk version="2">
      <name value="11" />
      <type value="JavaSDK" />
      <version value="version 11.0.10" />
      <homePath value="$APPLICATION_HOME_DIR$/jre" />
      <roots>
        <annotationsPath>
          <root type="composite">
            <root url="jar://$APPLICATION_HOME_DIR$/plugins/java/lib/jdkAnnotations.jar!/" type="simple" />
          </root>
        </annotationsPath>
        <classPath>
          <root type="composite">
            <root url="jrt://C:/Program Files/Android/Android Studio1/jre!/java.base" type="simple" />
            <root url="jrt://C:/Program Files/Android/Android Studio1/jre!/java.compiler" type="simple" />
            <root url="jrt://C:/Program Files/Android/Android Studio1/jre!/java.datatransfer" type="simple" />
            <root url="jrt://C:/Program Files/Android/Android Studio1/jre!/java.desktop" type="simple" />
            <root url="jrt://C:/Program Files/Android/Android Studio1/jre!/java.instrument" type="simple" />
            <root url="jrt://C:/Program Files/Android/Android Studio1/jre!/java.logging" type="simple" />
            <root url="jrt://C:/Program Files/Android/Android Studio1/jre!/java.management" type="simple" />
            <root url="jrt://C:/Program Files/Android/Android Studio1/jre!/java.management.rmi" type="simple" />
            <root url="jrt://C:/Program Files/Android/Android Studio1/jre!/java.naming" type="simple" />
            <root url="jrt://C:/Program Files/Android/Android Studio1/jre!/java.net.http" type="simple" />
            <root url="jrt://C:/Program Files/Android/Android Studio1/jre!/java.prefs" type="simple" />
            <root url="jrt://C:/Program Files/Android/Android Studio1/jre!/java.rmi" type="simple" />
            <root url="jrt://C:/Program Files/Android/Android Studio1/jre!/java.scripting" type="simple" />
            <root url="jrt://C:/Program Files/Android/Android Studio1/jre!/java.se" type="simple" />
            <root url="jrt://C:/Program Files/Android/Android Studio1/jre!/java.security.jgss" type="simple" />
            <root url="jrt://C:/Program Files/Android/Android Studio1/jre!/java.security.sasl" type="simple" />
            <root url="jrt://C:/Program Files/Android/Android Studio1/jre!/java.smartcardio" type="simple" />
            <root url="jrt://C:/Program Files/Android/Android Studio1/jre!/java.sql" type="simple" />
            <root url="jrt://C:/Program Files/Android/Android Studio1/jre!/java.sql.rowset" type="simple" />
            <root url="jrt://C:/Program Files/Android/Android Studio1/jre!/java.transaction.xa" type="simple" />
            <root url="jrt://C:/Program Files/Android/Android Studio1/jre!/java.xml" type="simple" />
            <root url="jrt://C:/Program Files/Android/Android Studio1/jre!/java.xml.crypto" type="simple" />
            <root url="jrt://C:/Program Files/Android/Android Studio1/jre!/jdk.accessibility" type="simple" />
            <root url="jrt://C:/Program Files/Android/Android Studio1/jre!/jdk.aot" type="simple" />
            <root url="jrt://C:/Program Files/Android/Android Studio1/jre!/jdk.attach" type="simple" />
            <root url="jrt://C:/Program Files/Android/Android Studio1/jre!/jdk.charsets" type="simple" />
            <root url="jrt://C:/Program Files/Android/Android Studio1/jre!/jdk.compiler" type="simple" />
            <root url="jrt://C:/Program Files/Android/Android Studio1/jre!/jdk.crypto.cryptoki" type="simple" />
            <root url="jrt://C:/Program Files/Android/Android Studio1/jre!/jdk.crypto.ec" type="simple" />
            <root url="jrt://C:/Program Files/Android/Android Studio1/jre!/jdk.dynalink" type="simple" />
            <root url="jrt://C:/Program Files/Android/Android Studio1/jre!/jdk.hotspot.agent" type="simple" />
            <root url="jrt://C:/Program Files/Android/Android Studio1/jre!/jdk.httpserver" type="simple" />
            <root url="jrt://C:/Program Files/Android/Android Studio1/jre!/jdk.internal.ed" type="simple" />
            <root url="jrt://C:/Program Files/Android/Android Studio1/jre!/jdk.internal.jvmstat" type="simple" />
            <root url="jrt://C:/Program Files/Android/Android Studio1/jre!/jdk.internal.le" type="simple" />
            <root url="jrt://C:/Program Files/Android/Android Studio1/jre!/jdk.internal.opt" type="simple" />
            <root url="jrt://C:/Program Files/Android/Android Studio1/jre!/jdk.internal.vm.ci" type="simple" />
            <root url="jrt://C:/Program Files/Android/Android Studio1/jre!/jdk.internal.vm.compiler" type="simple" />
            <root url="jrt://C:/Program Files/Android/Android Studio1/jre!/jdk.internal.vm.compiler.management" type="simple" />
            <root url="jrt://C:/Program Files/Android/Android Studio1/jre!/jdk.jartool" type="simple" />
            <root url="jrt://C:/Program Files/Android/Android Studio1/jre!/jdk.javadoc" type="simple" />
            <root url="jrt://C:/Program Files/Android/Android Studio1/jre!/jdk.jdeps" type="simple" />
            <root url="jrt://C:/Program Files/Android/Android Studio1/jre!/jdk.jdi" type="simple" />
            <root url="jrt://C:/Program Files/Android/Android Studio1/jre!/jdk.jdwp.agent" type="simple" />
            <root url="jrt://C:/Program Files/Android/Android Studio1/jre!/jdk.jfr" type="simple" />
            <root url="jrt://C:/Program Files/Android/Android Studio1/jre!/jdk.jlink" type="simple" />
            <root url="jrt://C:/Program Files/Android/Android Studio1/jre!/jdk.jsobject" type="simple" />
            <root url="jrt://C:/Program Files/Android/Android Studio1/jre!/jdk.localedata" type="simple" />
            <root url="jrt://C:/Program Files/Android/Android Studio1/jre!/jdk.management" type="simple" />
            <root url="jrt://C:/Program Files/Android/Android Studio1/jre!/jdk.management.agent" type="simple" />
            <root url="jrt://C:/Program Files/Android/Android Studio1/jre!/jdk.management.jfr" type="simple" />
            <root url="jrt://C:/Program Files/Android/Android Studio1/jre!/jdk.naming.dns" type="simple" />
            <root url="jrt://C:/Program Files/Android/Android Studio1/jre!/jdk.naming.rmi" type="simple" />
            <root url="jrt://C:/Program Files/Android/Android Studio1/jre!/jdk.net" type="simple" />
            <root url="jrt://C:/Program Files/Android/Android Studio1/jre!/jdk.pack" type="simple" />
            <root url="jrt://C:/Program Files/Android/Android Studio1/jre!/jdk.scripting.nashorn" type="simple" />
            <root url="jrt://C:/Program Files/Android/Android Studio1/jre!/jdk.scripting.nashorn.shell" type="simple" />
            <root url="jrt://C:/Program Files/Android/Android Studio1/jre!/jdk.sctp" type="simple" />
            <root url="jrt://C:/Program Files/Android/Android Studio1/jre!/jdk.security.auth" type="simple" />
            <root url="jrt://C:/Program Files/Android/Android Studio1/jre!/jdk.security.jgss" type="simple" />
            <root url="jrt://C:/Program Files/Android/Android Studio1/jre!/jdk.unsupported" type="simple" />
            <root url="jrt://C:/Program Files/Android/Android Studio1/jre!/jdk.xml.dom" type="simple" />
            <root url="jrt://C:/Program Files/Android/Android Studio1/jre!/jdk.zipfs" type="simple" />
          </root>
        </classPath>
        <javadocPath>
          <root type="composite" />
        </javadocPath>
        <sourcePath>
          <root type="composite" />
        </sourcePath>
      </roots>
      <additional />
    </jdk>
    <jdk version="2">
      <name value="Android API 31 Platform" />
      <type value="Android SDK" />
      <homePath value="$USER_HOME$/AppData/Local/Android/Sdk" />
      <roots>
        <annotationsPath>
          <root type="composite">
            <root url="jar://$USER_HOME$/AppData/Local/Android/Sdk/platforms/android-31/data/annotations.zip!/" type="simple" />
          </root>
        </annotationsPath>
        <classPath>
          <root type="composite">
            <root url="jar://$USER_HOME$/AppData/Local/Android/Sdk/platforms/android-31/android.jar!/" type="simple" />
            <root url="file://$USER_HOME$/AppData/Local/Android/Sdk/platforms/android-31/data/res" type="simple" />
          </root>
        </classPath>
        <javadocPath>
          <root type="composite" />
        </javadocPath>
        <sourcePath>
          <root type="composite">
            <root url="file://$USER_HOME$/AppData/Local/Android/Sdk/sources/android-31" type="simple" />
          </root>
        </sourcePath>
      </roots>
      <additional jdk="11" sdk="android-31" />
    </jdk>
    <jdk version="2">
      <name value="Android Studio default JDK" />
      <type value="JavaSDK" />
      <version value="version 11.0.10" />
      <homePath value="$APPLICATION_HOME_DIR$/jre" />
      <roots>
        <annotationsPath>
          <root type="composite">
            <root url="jar://$APPLICATION_HOME_DIR$/plugins/java/lib/jdkAnnotations.jar!/" type="simple" />
          </root>
        </annotationsPath>
        <classPath>
          <root type="composite">
            <root url="jrt://C:/Program Files/Android/Android Studio1/jre!/java.base" type="simple" />
            <root url="jrt://C:/Program Files/Android/Android Studio1/jre!/java.compiler" type="simple" />
            <root url="jrt://C:/Program Files/Android/Android Studio1/jre!/java.datatransfer" type="simple" />
            <root url="jrt://C:/Program Files/Android/Android Studio1/jre!/java.desktop" type="simple" />
            <root url="jrt://C:/Program Files/Android/Android Studio1/jre!/java.instrument" type="simple" />
            <root url="jrt://C:/Program Files/Android/Android Studio1/jre!/java.logging" type="simple" />
            <root url="jrt://C:/Program Files/Android/Android Studio1/jre!/java.management" type="simple" />
            <root url="jrt://C:/Program Files/Android/Android Studio1/jre!/java.management.rmi" type="simple" />
            <root url="jrt://C:/Program Files/Android/Android Studio1/jre!/java.naming" type="simple" />
            <root url="jrt://C:/Program Files/Android/Android Studio1/jre!/java.net.http" type="simple" />
            <root url="jrt://C:/Program Files/Android/Android Studio1/jre!/java.prefs" type="simple" />
            <root url="jrt://C:/Program Files/Android/Android Studio1/jre!/java.rmi" type="simple" />
            <root url="jrt://C:/Program Files/Android/Android Studio1/jre!/java.scripting" type="simple" />
            <root url="jrt://C:/Program Files/Android/Android Studio1/jre!/java.se" type="simple" />
            <root url="jrt://C:/Program Files/Android/Android Studio1/jre!/java.security.jgss" type="simple" />
            <root url="jrt://C:/Program Files/Android/Android Studio1/jre!/java.security.sasl" type="simple" />
            <root url="jrt://C:/Program Files/Android/Android Studio1/jre!/java.smartcardio" type="simple" />
            <root url="jrt://C:/Program Files/Android/Android Studio1/jre!/java.sql" type="simple" />
            <root url="jrt://C:/Program Files/Android/Android Studio1/jre!/java.sql.rowset" type="simple" />
            <root url="jrt://C:/Program Files/Android/Android Studio1/jre!/java.transaction.xa" type="simple" />
            <root url="jrt://C:/Program Files/Android/Android Studio1/jre!/java.xml" type="simple" />
            <root url="jrt://C:/Program Files/Android/Android Studio1/jre!/java.xml.crypto" type="simple" />
            <root url="jrt://C:/Program Files/Android/Android Studio1/jre!/jdk.accessibility" type="simple" />
            <root url="jrt://C:/Program Files/Android/Android Studio1/jre!/jdk.aot" type="simple" />
            <root url="jrt://C:/Program Files/Android/Android Studio1/jre!/jdk.attach" type="simple" />
            <root url="jrt://C:/Program Files/Android/Android Studio1/jre!/jdk.charsets" type="simple" />
            <root url="jrt://C:/Program Files/Android/Android Studio1/jre!/jdk.compiler" type="simple" />
            <root url="jrt://C:/Program Files/Android/Android Studio1/jre!/jdk.crypto.cryptoki" type="simple" />
            <root url="jrt://C:/Program Files/Android/Android Studio1/jre!/jdk.crypto.ec" type="simple" />
            <root url="jrt://C:/Program Files/Android/Android Studio1/jre!/jdk.dynalink" type="simple" />
            <root url="jrt://C:/Program Files/Android/Android Studio1/jre!/jdk.hotspot.agent" type="simple" />
            <root url="jrt://C:/Program Files/Android/Android Studio1/jre!/jdk.httpserver" type="simple" />
            <root url="jrt://C:/Program Files/Android/Android Studio1/jre!/jdk.internal.ed" type="simple" />
            <root url="jrt://C:/Program Files/Android/Android Studio1/jre!/jdk.internal.jvmstat" type="simple" />
            <root url="jrt://C:/Program Files/Android/Android Studio1/jre!/jdk.internal.le" type="simple" />
            <root url="jrt://C:/Program Files/Android/Android Studio1/jre!/jdk.internal.opt" type="simple" />
            <root url="jrt://C:/Program Files/Android/Android Studio1/jre!/jdk.internal.vm.ci" type="simple" />
            <root url="jrt://C:/Program Files/Android/Android Studio1/jre!/jdk.internal.vm.compiler" type="simple" />
            <root url="jrt://C:/Program Files/Android/Android Studio1/jre!/jdk.internal.vm.compiler.management" type="simple" />
            <root url="jrt://C:/Program Files/Android/Android Studio1/jre!/jdk.jartool" type="simple" />
            <root url="jrt://C:/Program Files/Android/Android Studio1/jre!/jdk.javadoc" type="simple" />
            <root url="jrt://C:/Program Files/Android/Android Studio1/jre!/jdk.jdeps" type="simple" />
            <root url="jrt://C:/Program Files/Android/Android Studio1/jre!/jdk.jdi" type="simple" />
            <root url="jrt://C:/Program Files/Android/Android Studio1/jre!/jdk.jdwp.agent" type="simple" />
            <root url="jrt://C:/Program Files/Android/Android Studio1/jre!/jdk.jfr" type="simple" />
            <root url="jrt://C:/Program Files/Android/Android Studio1/jre!/jdk.jlink" type="simple" />
            <root url="jrt://C:/Program Files/Android/Android Studio1/jre!/jdk.jsobject" type="simple" />
            <root url="jrt://C:/Program Files/Android/Android Studio1/jre!/jdk.localedata" type="simple" />
            <root url="jrt://C:/Program Files/Android/Android Studio1/jre!/jdk.management" type="simple" />
            <root url="jrt://C:/Program Files/Android/Android Studio1/jre!/jdk.management.agent" type="simple" />
            <root url="jrt://C:/Program Files/Android/Android Studio1/jre!/jdk.management.jfr" type="simple" />
            <root url="jrt://C:/Program Files/Android/Android Studio1/jre!/jdk.naming.dns" type="simple" />
            <root url="jrt://C:/Program Files/Android/Android Studio1/jre!/jdk.naming.rmi" type="simple" />
            <root url="jrt://C:/Program Files/Android/Android Studio1/jre!/jdk.net" type="simple" />
            <root url="jrt://C:/Program Files/Android/Android Studio1/jre!/jdk.pack" type="simple" />
            <root url="jrt://C:/Program Files/Android/Android Studio1/jre!/jdk.scripting.nashorn" type="simple" />
            <root url="jrt://C:/Program Files/Android/Android Studio1/jre!/jdk.scripting.nashorn.shell" type="simple" />
            <root url="jrt://C:/Program Files/Android/Android Studio1/jre!/jdk.sctp" type="simple" />
            <root url="jrt://C:/Program Files/Android/Android Studio1/jre!/jdk.security.auth" type="simple" />
            <root url="jrt://C:/Program Files/Android/Android Studio1/jre!/jdk.security.jgss" type="simple" />
            <root url="jrt://C:/Program Files/Android/Android Studio1/jre!/jdk.unsupported" type="simple" />
            <root url="jrt://C:/Program Files/Android/Android Studio1/jre!/jdk.xml.dom" type="simple" />
            <root url="jrt://C:/Program Files/Android/Android Studio1/jre!/jdk.zipfs" type="simple" />
          </root>
        </classPath>
        <javadocPath>
          <root type="composite" />
        </javadocPath>
        <sourcePath>
          <root type="composite" />
        </sourcePath>
      </roots>
      <additional />
    </jdk>
  </component>
</application>